key,label,description
1,Acción de amparo,"Acción constitucional establecida para tutelar la libertad personal y seguridad individual frente a todo acto ilegalo contrario a la Constitución que represente una amenaza, perturbación o privación para el legítimo ejercicio de la misma."
3,Acción de inaplicabilidad por inconstitucionalidad,"“acción que el ordenamiento supremo franquea para evitar que la aplicación de uno o más preceptos legales, invocados en una gestión judicial pendiente, produzca efectos, formal o sustantivamente, contrarios al Código Político. Trátase, por ende, de un control concreto de la constitucionalidad de la ley, centrado en el caso sub lite y cuya resolución se limita a qué disposiciones legales determinadas, en sí mismas, resulten, en su sentido y alcance intrínseco, inconciliables con el texto y el espíritu de la Carta Fundamental” (STC R. 1390-09, véase “Control de constitucionalidad”)."
4,Acción de inconstitucionalidad,"Es la acción pública que da inicio al proceso tendiente a la declaración de inconstitucionalidad de un precepto legal determinado, bajo el presupuesto procesal que se haya declarado previamente inaplicable exactamente el mismo precepto por sentencia del TC, y cuyo objeto es obtener tal declaración por la mayoría de cuatro quintos de los Ministros del TC, resolviéndose así su expulsión y derogación del ordenamiento jurídico sin efecto retroactivo."
5,Acción de protección,"Acción constitucional establecida para tutelar los derechos taxativamente enumerados en el art. 20 de la Constitución, frente a toda acción u omisión ilegal o arbitraria que represente una amenaza, perturbación o privación para el legítimo ejercicio de los mismos. La acción de protección es una garantía constitucional establecida para proteger los derechos listados en el art. 20 y se le conoce también como “recurso” de protección (véase “Garantías constitucionales”). El TC ha estimado que la acción de protección es una acción de carácter cautelar, cuyo objeto es constituir una garantía rápida y eficaz para restablecer el imperio del derecho y asegurar la protección del afectado (STC R. 1557-09)."
6,Acción de reclamación por privación o des conocimiento de la nacionalidad,Acción constitucional establecida para tutelar el derecho a la nacionalidad frente a todo acto o resolución administrativa que prive o desconozca la nacionalidad chilena de una persona.
9,Acciones de salud,"Son los ámbitos de protección del derecho a la salud que el legislador garantiza mediante prestaciones pro mocionales, protectoras, recuperativas y rehabilitadoras de la misma, que constituyen el objeto del derecho constitucional contemplado en el art. 19 Nº 9. Las acciones de salud constitucionalmente reguladas son cuatro: acciones de promoción, protección, recuperación y rehabilitación del in dividuo (véase, “Derecho a la protección de la salud”)."
10,Acciones judiciales contra ministros de es tado,"Es el antejuicio del Senado para habilitar el ejercicio de acciones  que persigan la responsabilidad civil de los Ministros de Estado, por actos  personales e injustos de éstos en el ejercicio de su cargo y siempre que se deriven perjuicios en contra del particular demandante."
13,Acuerdos parlamentarios,"Son las decisiones camara les que adopta el Senado o la Cámara de Diputados sobre el mérito de distintas cuestiones políticas relativas al gobierno y la administración del  Estado, tanto de orden nacional como internacional."
15,Administración del estado,"Es el conjunto de todos los órganos del Estado con autonomía constitucional o legal, creados para el cumplimiento de la función administrativa, que se relacionan entre sí, sea a través de vínculos jerárquicos o de coordinación, con el deber de colaborar con el Presidente de la República en el fin de atender las necesidades públicas de forma continua y permanente. Tales órganos han sido creados para el impulso, ejercicio, desarrollo y fiscalización de todas las funciones administrativas del Estado mediante la aprobación, ejecución y control de políticas, planes, programas y acciones de alcance nacional, regional y comunal."
16,Administración financiera del estado,"Véase “Constitución económica” [Es el plexo normativo constitucional que regula los principios orientadores de la economía, los instrumentos de política económica, los derechos constitucionales de la esfera económica y el diseño institucional de la administración financiera del Estado.]. Véase “Sistema presupuestario” [Conjunto de principios y reglas que rigen la preparación, aprobación, ejecución y control del presupuesto de la Nación.]."
17,Administración local,"Es la división del territorio para la organización de la administración del Estado descentralizada en el nivel zonal más reducido del país, correspondiente a las comunas o agrupación de comunas que según la ley reside en una municipalidad. La ejecuta el Alcalde (véase “Alcalde”), como máxima autoridad, y el Concejo Municipal (véase “Concejo Municipal”), quienes deben satisfacer las necesidades de la comunidad local y asegurar la participación de ella en su desarrollo económico, social y cultural (véase “Comuna”, “Municipalidad”)."
21,Alcalde,"Es la máxima autoridad del nivel local, electa democráticamente mediante sufragio directo de la población de su comuna, correspondiéndole la dirección y administración superior de la Municipalidad, y la supervigilancia de su funcionamiento (véase “Municipalidad”)."
28,Áreas metropolitanas,"La ley las define como “extensión territorial formada por dos o más centros de población unidos entre sí por espacios construidos y que comparten la utilización de diversos elementos de infraestructura y servicios urbanos. Constituye un espacio territorial que se configura por la agrupación de varias comunas bajo una autoridad coordinadora, con el fin de planificar y coordinar acciones conjuntas de los municipios sobre los problemas de una gran ciudad y cuyos efectos sobrepasan los límites administrativos menores o municipales (art.109 inc. 2° de la LOC GAR)."
29,Arresto,"Es una medida de apremio, en sentido amplio, consistente en la privación temporal de libertad ambulatoria de una persona con el objeto de ponerla a disposición de la respectiva autoridad competente. A diferencia de la detención, que se ubica en la órbita de la persecución penal, el arresto puede ser una medida de apremio en un proceso de naturaleza civil, una sanción disciplinaria al interior de las FFAA o una medida de seguridad preventiva dentro de los Estados de excepción constitucional. Desde el punto de vista de los derechos, es una restricción legalmente autorizada de la libertad personal y seguridad individual (art.19 No 7, véase “Derecho a la libertad personal y la seguridad individual”, “Estados de excepción constitucional”)."
31,Asociación de municipalidades,"Agrupación derivada de la facultad municipal que permite que dos o más municipalidades, que pertenecen o no a una misma provincia o región, puedan constituir asociaciones con el fin de solucionar problemas comunes o lograr un mejor aprovechamiento de los recursos disponibles."
33,Atributos del dominio,"Véase “Derecho de propiedad” [Es la facultad de usar, gozar y disponer de toda clase de bienes corporales e incorporales en el marco de las limitaciones legales derivadas de su función social.]."
36,Balotaje,Véase “Segunda vuelta” [Es la elección adicional y eventual que dirime el cargo de Presidente de la República circunscrita entre las dos primeras mayorías relativas que no logran mayoría absoluta de sufragios válidamente emitidos.].
37,Bancadas parlamentarias,"Conjunto de parlamentarios pertenecientes a uno o más partidos políticos, con representación en la Cámara de Diputados (véase “Cámara de Diputados”) o el Senado (véase “Senado”), constituidos en uno o más Comités Parlamentarios en conformidad con el Reglamento respectivo. El Jefe de Bancada, vocero y representante, permite la relación de la Mesa de la Cámara con la Corporación (art. 1 No 5 y 10 RCD)."
38,Banco Central,"Es un organismo autónomo, de rango constitucional, de carácter técnico, con personalidad jurídica, patrimonio propio y duración indefinida, que tiene por objeto “velar por la estabilidad de la moneda y el normal funcionamiento de los pagos internos y externos”, especialmente a través de la emisión del dinero, la regulación del crédito y del circulante, la regulación del sistema financiero y el mercado de capitales, de las operaciones de cambio internacionales y de la estabilidad financiera en general (art. 108, art. 1 y 3 LOC BC)."
39,Bandera,"Véase “Emblemas nacionales” [Conjunto de objetos que representan simbólicamente ciertos valores de patriotismo y unidad nacional. En Chile los emblemas nacionales son el Escudo de Armas de la República, la Bandera Nacional y el Himno Nacional.]."
40,Bases de procedimientos que rigen la administración,"Legislación general que establece y regula la normatividad esencial que orienta plenamente el procedimiento de los actos de la Administración del Estado y, de forma supletoria, para los casos en que la ley contemple procedimientos especiales."
44,Bienes corporales e incorporales,"Véase “Derecho de propiedad” [Es la facultad de usar, gozar y disponer de toda clase de bienes corporales e incorporales en el marco de las limitaciones legales derivadas de su función social.]."
46,Bienes del estado,"La ley define a los bienes del Estado– o bienes fiscales– como aquellos bienes nacionales “cuyo uso no pertenece generalmente a los habitantes” (art. 589, inc. final CC; véase “Bienes nacionales de uso público”). Se trata de una especie de bienes nacionales en los cuales su uso y goce no pertenece a todos los habitantes de la Nación, sino sólo a los organismos que forman parte del Estado y sus funcionarios."
55,Cámara revisora,"Corresponde a la Cámara en la cual se continúa la discusión de la ley, luego de ser aprobado el proyecto en la cámara de origen y una vez concluido el primer trámite constitucional de la formación de la ley (art. 69, inc. 2°; art. 70; véase “Formación de la ley”). De esta manera, si la cámara de origen fue la Cámara de Diputados, la Cámara revisora será el Senado y viceversa."
56,Campaña electoral,Véase “Organización electoral” [Conjunto de autoridades electorales y de aquellas reglas que permiten el desarrollo y funcionamiento de elecciones y votaciones populares.].
57,Carabineros de Chile,"Véase “Fuerzas de Orden y Seguridad Pública” [Instituciones policiales del Estado, dependientes del Ministerio encargado de la Seguridad Pública, de carácter eminentemente técnico y profesional cuyas funciones son dar eficacia al derecho, garantizar el orden y la seguridad pública.]."
62,Carrera functionaria,"Véase “Funcionarios públicos” [Empleados de la Administración del Estado, sujetos al Estatuto Administrativo directa o supletoriamente, que ejercen un cargo público bajo una relación jerárquica y disciplinada.]."
63,Carrera profesional,"Es el estatuto que regula las materias que van desde el ingreso hasta la cesación de funciones de los integrantes de las instituciones militares, especialmente su jerarquía, el rango, la antigüedad, el grado, el mando y su sucesión, así como otros derechos, obligaciones y prohibiciones que afectan a las distintas categorías del personal de las FFAA."
65,Cesación parlamentaria,"Causales en virtud de las cuales un diputado o senador finaliza en el ejercicio de su cargo. La mayoría de ellas, importan inhabilidades sobrevinientes, derivadas de diversos motivos, ya sea, resultante de su propia actividad o de decisiones voluntarias de los parlamentarios, mientras que otras son derivadas de circunstancias ajenas."
66,Chilenos,"Personas con nacionalidad chilena. La Constitución señala que son chilenos las personas nacidas en Chile, los extranjeros que obtienen carta de nacionalización conforme a la ley, las personas que obtienen especial gracia de nacionalización por ley y los hijos de padre o madre chilenos nacidos en territorio extranjero, requiriendo además que alguno de sus ascendientes en línea recta de primer o segundo grado haya adquirido nacionalidad chilena por haber nacido en Chile, por obtener carta de nacionalización, o por gracia (art. 10). Además, pueden optar a ser chilenos los hijos de extranjeros al servicio de su Gobierno que se encuentren en Chile, y los hijos de extranjeros transeúntes. Los chilenos tiene derecho a la nacionalidad (véase “Nacionalidad”) y éste se encuentra protegido por la acción de pérdida o desconocimiento de la nacionalidad (véase “Acción de reclamación por privación o desconocimiento de la nacionalidad”)."
68,Circunscriptción senatorial,Unidad territorial y poblacional utilizada para la elección de Senadores. La Constitución establece que es materia de ley orgánica constitucional la regulación de las circunscripciones (art. 49).
76,Comisión interamericana de derechos humanos,"Es un órgano autónomo de la Organización de los Estados Americanos, que representa a los Estados de la organización cuya función principal es la de promover la observancia y la defensa de los derechos humanos, y de servir como órgano consultivo de la organización en esta materia (art. 106, Carta de la Organización de Estados Americanos). Junto a la Corte IDH, integra el sistema de protección y promoción de los derechos humanos en el continente americano (véase “Corte Interamericana de Derechos Humanos”)."
79,Comisión parlamentaria,"Forma de organización colegiada y pluralista, sea de modo permanente, especial o transitoria, al interior de cada Cámara, y excepcionalmente entre ellas, a objeto de estudiar especialmente un proyecto de ley o un asunto directamente encomendado y recabar su opinión para hacerla presente al pleno de la Cámara en la respectiva sala. Las comisiones permanentes se conforman por trece miembros en la Cámara de Diputados y cinco en el Senado."
82,Comuna,"Corresponde a la unidad político administrativa básica en la distribución territorial chilena. La administración local de la comuna –o de agrupación de comunas– reside en la Municipalidad (art. 1 LOC MUN, véase “Municipalidad”); es decir, una municipalidad puede administrar una o más comunas."
83,Concejales,"Véase “Concejo municipal” [Órgano de la Municipalidad de carácter “normativo, resolutivo y fiscalizador”, “encargado de hacer efectiva la participación de la comunidad local” en conformidad a lo dispuesto por la ley orgánica constitucional respectiva (art. 119 de la Constitución, art. 71 LOC MUN). La Constitución menciona el Concejo Municipal a raíz de los órganos que componen la municipalidad y que ejercen la administración comunal.]."
84,Concejo Municipal,"Órgano de la Municipalidad de carácter “normativo, resolutivo y fiscalizador”, “encargado de hacer efectiva la participación de la comunidad local” en conformidad a lo dispuesto por la ley orgánica constitucional respectiva (art. 119 de la Constitución, art. 71 LOC MUN). La Constitución menciona el Concejo Municipal a raíz de los órganos que componen la municipalidad y que ejercen la administración comunal."
86,Concesiones mineras,"La ley define concesiones mineras como aquellos “derechos reales e inmuebles, distintos e independientes del dominio del predio superficial, aunque tengan un mismo dueño; oponibles al Estado y a cualquier persona; transferibles y transmisibles; susceptibles de hipoteca y otros derechos reales y, en general, de todo acto o contrato; y que se rigen por las mismas leyes civiles que los demás inmuebles, salvo en lo que contraríen disposiciones de esta ley o del Código de Minería.” (Art. 2 LOC CM)."
89,Confianza exclusiva del Presidente de la República,"Calidad que la Constitución o la ley otorga a ciertos funcionarios de la administración del Estado, cuyos cargos o empleos están sujetos a la libre designación y remoción del Presidente de la República (véase “Presidente de la República”, “Funcionarios públicos”). El Presidente tiene la atribución de nombrar ciertos funcionarios de manera autónoma y, que por lo dispuesto en la Constitución o en la ley, responden exclusivamente a su confianza. Al tratarse de una decisión que responde a la mera voluntad del Presidente de la República, su designación no requiere de concurso público y su remoción no demanda sumario administrativo."
91,Conflictos políticos-constitucionales,"Son distintos procesos políticos–constitucionales en donde el TC debe pronunciarse sobre la inconstitucionalidad de actos políticos, calificar hechos que generan consecuencias políticas o determinar la asignación correcta de competencias normativas en disputa. En este término se agrupan conflictos con un énfasis político fundamental, con calificación de hechos más que de normas y con la delimitación de determinadas conductas en un padrón de constitucionalidad o inconstitucionalidad en donde la apreciación jurisdiccional de los Ministros del TC es más libre."
98,Consejo nacional de televisión,"El CNTV es “la institución autónoma de rango constitucional creada por el inciso sexto del numeral 12 del artículo 19 de la Constitución Política de la República, cuya misión es velar por el correcto funcionamiento de todos los servicios de televisión que operan, u operen a futuro, en el territorio nacional. Estará dotado de personalidad jurídica y de patrimonio propio, y se relacionará con el Presidente de la República por intermedio del Ministerio Secretaría General de Gobierno.” (Art. 1 inc. 1° L. 18.838, reformada en esos términos por la L. 20.750 que introdujo la televisión digital)."
101,Consulta indígena,"Es un deber de los órganos del Estado y constituye el derecho convencional, colectivo y procedimental de los pueblos indígenas a ser consultados de forma previa, de buena fe, apropiadamente y con la finalidad de llegar a un acuerdo respecto de medidas legislativas y administrativas que puedan afectarlos directamente en su desarrollo, vida, creencias, instituciones, tierras y bienestar espiritual."
107,Contraloría general de la república,"Es el órgano superior de fiscalización de la Administración de Estado, dotado de autonomía constitucional, para ejercer el control de legalidad de los actos de la administración, fiscalizar el ingreso y la inversión de los fondos del Fisco, municipalidades y demás servicios que determinen las leyes; examinar y juzgar las cuentas de las personas que tengan a su cargo bienes de estas entidades; llevar la contabilidad de la Nación y ejercer las demás atribuciones que le confiera la ley."
115,Convención Americana de derechos humanos,"Véase “Derecho Internacional de los Derechos Humanos” [Conjunto de principios y normas jurídicas que regulan las obligaciones internacionales de derechos humanos, sus mecanismos de protección y que fijan la responsabilidad del Estado por su violación. Las obligaciones internacionales de derechos humanos se encuentran positivizadas en diversos tratados internacionales. Además, una serie de principios normativos han sido desarrollados a través de decisiones judiciales de tribunales internacionales y a partir del soft law de declaraciones, resoluciones y otros documentos.]."
116,Convenios regionales de programación,"La ley los define como “[a]cuerdos formales entre uno o más gobiernos regionales y uno o más ministerios, que definen las acciones relacionadas con los proyectos de inversión que ellos concuerdan en realizar dentro de un plazo determinado” (art. 81 LOC GAR)."
124,Cuenta del estado admministrativo y político de la nación,"Corresponde a la obligación que la Constitución impone al Presidente de la República, de efectuar una exposición o resumen del estado del país, el 21 de mayo de cada año ante el Congreso Pleno. En términos coloquiales, se le conoce como la “cuenta anual del Presidente de la República”."
130,Declaración de guerra,"Acto jurídico solemne adoptado por las autoridades que establece la Constitución y la ley, en virtud del cual un Estado manifiesta su intención internacional de iniciar hostilidades –movilización de FFAA o materialización de actos de guerra– contra uno o más Estados soberanos (véase “Guerra”, “Agresión”, “Legítima defensa colectiva”)."
133,Decreto de gastos emergencia,"Acto jurídico administrativo dictado por el Presidente de la República, con la firma de todos sus ministros, para decretar pagos no autorizados por la ley en los supuestos establecidos constitucionalmente (véase “Presidente de la República”). El decreto de gastos de emergencia está regulado a propósito de las atribuciones especiales del Presidente de la República. Su fundamento radica en la necesidad de contar con recursos financieros para situaciones extraordinarias."
136,Decreto promulgatorio,"Véase “Promulgación de ley” [Decreto supremo por medio del cual el Presidente de la República fija el texto definitivo de la ley, su nombre y ordena su publicación en el Diario Oficial.]."
140,Delegación legislativa,"Véase “Decreto con fuerza de ley” [Acto normativo dictado por el Presidente de la República, previa delegación del Congreso Nacional sobre materias expresamente autorizadas en la Constitución, en cuyo texto se contienen normas con fuerza y rango de ley. La autorización debe ser aprobada por la mayoría relativa de ambas Cámaras y su vigencia no puede ser superior a un año.]."
145,Derecho a la educación,"Derecho social que asegura a todas las personas su pleno desarrollo en todas las etapas de la vida, a través del acceso a la enseñanza formal y no formal y a procesos de educación informal, ya sea de manera estructurada y sistemática, o a través del núcleo familiar y la experiencia de vida."
146,Derecho a la honra,"Derecho de toda persona natural a mantener indemne la proyección social de su dignidad humana. Se sostiene que el derecho a la honra emana de la dignidad humana y protege el buen nombre, prestigio o reputación de toda persona."
147,Derecho a la integridad física y psíquica,"Esfera de inmunidad y de abstención, que conlleva una prohibición estatal y respecto de particulares frente a interferencias ilegítimas en el organismo y la psiquis de la persona. El derecho, además, comprende la facultad individual para decidir sobre su propio cuerpo, en todos sus componentes, incluyendo sus facultades mentales."
149,Derecho a la negociación colectiva,"Autonomía negocial colectiva de los trabajadores, esto es, la facultad de éstos para acordar condiciones generales de trabajo, en sus más amplios términos, con uno o más empleadores. Es parte del contenido esencial de la libertad sindical."
150,Derecho a la pratocción de la Salud,"Derecho que la Constitución asegura a todas las personas sobre medicina preventiva y curativa permitiendo el acceso libre e igualitario a acciones de protección, promoción y recuperación de la salud, así como de rehabilitación del individuo."
152,Derecho a la tutela judicial,"La noción de “derecho a la tutela judicial” importa el reconocimiento de un derecho prestacional que recaba del Estado la protección jurídica debida, en el igual ejercicio de los derechos ante la justicia, proscribiendo la autotutela y garantizando una respuesta a la pretensión de derechos e intereses legítimos, con autoridad de cosa juzgada y con la eficacia coactiva que demanda la satisfacción de derechos fundamentales."
156,Derecho al agua,"Es el derecho de acceso, disposición pública y provisión salubre de un mínimo de agua compatible con la conservación de la vida y las condiciones de respeto al medio ambiente libre de contaminación."
157,Derecho al respeto y la protección de la vida privada,"Esfera o zona de acción humana que, provista de protección constitucional, impide la interferencia de terceros a la esfera íntima de la persona, a los datos que la protegen y, a la vez, permite la autonomía individual y el autodesarrollo de la personalidad (véase “Libre desarrollo de la personalidad”)."
158,Derecho de acceso a la información pública,"Facultad de una persona de requerir información en poder del Estado, que no se encuentra sujeta a una causal de reserva o secreto, y que conlleva la obligación estatal correlativa de proporcionarla o, en su caso, de justificar su denegación bajo las reglas legales que la regulan."
159,Derecho de aprovechamiento de aguas,"En base a lo que establece la ley se define como “un derecho real que recae sobre las aguas y consiste en el uso y goce de ellas, con los requisitos y en conformidad a las reglas que prescribe el Código de Aguas otorgándole el dominio a su titular quién podrá usar, gozar y disponer de él en conformidad a la ley” (art. 6 C. Aguas)."
164,Derecho de petición,"Derecho que habilita a toda persona para dirigir peticiones a los poderes públicos sobre cualquier asunto de interés público o privado, sea que constituya queja, reclamo, manifestación, consulta o solicitud de información en términos amplísimos, sin que en él se incluya el derecho a obtener respuesta favorable a lo solicitado y no existiendo otra limitación que la de proceder en términos respetuosos y convenientes."
168,Derecho de reunión,"Facultad de las personas para agruparse y congregarse, en razón de uno o más fines, sin armas y en lugares privados o públicos; siendo en estos últimos, sin permiso previo y con sujeción a las disposiciones generales de policía."
170,Derecho electoral,"Rama del derecho público especializada en el desarrollo de principios, reglas y prácticas de los procesos electorales públicos."
171,Derecho internacional de los derechos humanos,"Conjunto de principios y normas jurídicas que regulan las obligaciones internacionales de derechos humanos, sus mecanismos de protección y que fijan la responsabilidad del Estado por su violación. Las obligaciones internacionales de derechos humanos se encuentran positivizadas en diversos tratados internacionales. Además, una serie de principios normativos han sido desarrollados a través de decisiones judiciales de tribunales internacionales y a partir del soft law de declaraciones, resoluciones y otros documentos."
176,Derechos del consumidor,"Es el conjunto de derechos reconocidos, en el nivel constitucional y/o legal, con el objeto de proteger la actuación libre en el mercado, de los usuarios de servicios y consumidores de productos, garantizándoles información, calidad del producto, seguridad en la prestación y transferencias, así como condiciones de trato justo."
177,"Derechos económicos, sociales y culturales","Es una clasificación de los derechos con un doble fundamento histórico y jurídico. Histórico, como resultado de la evolución del Estado liberal del siglo XIX hacia un Estado Social de Derecho, que reconoció nuevos derechos de naturaleza socioeconómica y, jurídico, como garantía de efectividad normativa de la DUDH a través del PIDESC y sus instrumentos complementarios."
180,Derechos previsionales,"Véase “Derecho a la libertad personal y la seguridad individual” [La libertad personal es la autonomía de la persona física, que supone hacer todo cuanto no se oponga a las leyes, especialmente, en el ejercicio de su libertad de movimiento y desplazamiento. Es el “derecho, constitucionalmente consagrado, de disponer de la propia persona y de determinar la propia voluntad y actuar de acuerdo con ella, sin que nadie pueda impedirlo, siempre que no exista una prohibición constitucionalmente legítima” [García Morillo, 1995: 44-5]. En este sentido, la seguridad individual se entiende como el derecho a la ausenciamde perturbaciones procedentes de detenciones, u otras medidas similares, adoptadas arbitraria o ilegalmente, que restringen o amenazan “la libertad de toda persona de organizar en cualquier momento y lugar, dentro del territorio nacional, su vida individual y social con arreglo a sus propias opciones y convicciones” [Banacloche, 1996: 55].]. Véase “Incautación de bienes” [También conocida como confiscación. El TC ha sentenciado que confiscación es, siguiendo a la RAE, una “pena o sanción consistente en la apropiación por el Estado de la totalidad del patrimonio de un sujeto” y, siguiendo a la doctrina, estimó que constituye “un apoderamiento de los bienes de una persona –generalmente cuando ellos constituyen una universalidad–, los que se traspasan desde el dominio privado al del Estado, sin ley que justifique la actuación ni proceso en que se ventilen los derechos del afectado.” (STC R. 541-06, c. 12°).]."
184,Descentralización,Transferencia de responsabilidades de funciones públicas desde el nivel central de gobierno a unidades subnacionales. La ley define la descentralización a partir de la estructura estatal en la que se insertan. “Los servicios descentralizados actuarán con la personalidad jurídica y el patrimonio propios que la ley les asigne y estarán sometidos a la supervigilancia del Presidente de la República a través del Ministerio respectivo. La descentralización podrá ser funcional o territorial” (art. 29 LOC BGAE).
187,Dictamen del Senado,Opinión y juicio que emite y evacua el Senado a raíz de una solicitud formulada por oficio suscrito por el Presidente de la República.
188,Dieta parlamentaria,"Derecho de los diputados (véase “Diputado”) y senadores (véase “Senado”) a percibir una suma en dinero por su desempeño en el cargo de parlamentario. Tal retribución está regulada en el art. 62 y establece que los diputados y senadores percibirán “como única renta una dieta equivalente a la remuneración de un Ministro de Estado incluidas todas las asignaciones que a éstos correspondan.”.Se trata de un medio que permite que cualquier persona pueda postular al cargo y cumplir su propósito legislativo, fiscalizador y de nombramiento con plena eficacia y libre de presiones. En tal sentido, iguala las oportunidades de participar políticamente como representante popular y contribuye a asegurar la independencia en el ejercicio de su cargo. Auxiliarmente, cumple una función que acrecienta la autonomía y dignidad en el ejercicio del cargo de parlamentario."
191,Doble nacionalidad,"Es el vínculo múltiple que tiene una persona con varios Estados que le reconocen esa conexión. La doble o múltiple nacionalidad, en la Constitución de 1980, se reconocía abstractamente a partir de un solo caso con España. Con la reforma del 2005 se integra una perspectiva más amplia."
192,Eficacia horizontal de derechos,"Teoría constitucional en virtud de la cual los derechos fundamentales son exigibles no sólo frente al Estado y sus órganos, sino también dentro de las relaciones entre particulares."
198,Emblemas nacionales,"Conjunto de objetos que representan simbólicamente ciertos valores de patriotismo y unidad nacional. En Chile los emblemas nacionales son el Escudo de Armas de la República, la Bandera Nacional y el Himno Nacional."
199,Empleos civiles,"Véase “Funcionarios públicos” [Empleados de la Administración del Estado, sujetos al Estatuto Administrativo directa o supletoriamente, que ejercen un cargo público bajo una relación jerárquica y disciplinada.]. Véase “Confianza exclusiva del Presidente de la República” [Calidad que la Constitución o la ley otorga a ciertos funcionarios de la administración del Estado, cuyos cargos o empleos están sujetos a la libre designación y remoción del Presidente de la República (véase “Presidente de la República”, “Funcionarios públicos”). El Presidente tiene la atribución de nombrar ciertos funcionarios de manera autónoma y, que por lo dispuesto en la Constitución o en la ley, responden exclusivamente a su confianza. Al tratarse de una decisión que responde a la mera voluntad del Presidente de la República, su designación no requiere de concurso público y su remoción no demanda sumario administrativo.]."
201,Empresas públicas/empresas del estado,"Concepto que reúne a todas las empresas de propiedad o participación del Estado, las cuales se regulan por normas de Derecho Público, pero que participan en la economía conforme al derecho común."
202,"Empréstitos al estado, organismos y municipalidades",La ley de administración financiera señala la siguiente definición de empréstito. “El empréstito público es un contrato especial de derecho público en virtud del cual el Estado obtiene recursos sujetos a reembolso de acuerdo con las condiciones que se establezcan” (art. 39 inc. 3° DL Nº 1.263 de 1975).
203,Empréstitos de las empresas del estado o relacionadas,"Son las operaciones de crédito que el legislador establece para la financiación de actividades, inversiones u otros objetivos de gestión que se tracen las Empresas del Estado, o aquellas de capital mixto, y que generen obligaciones en el solicitante del préstamo, estando prohibido la provisión de crédito de origen estatal."
206,Escudo nacional de chile,"Véase “Emblemas nacionales” [Conjunto de objetos que representan simbólicamente ciertos valores de patriotismo y unidad nacional. En Chile los emblemas nacionales son el Escudo de Armas de la República, la Bandera Nacional y el Himno Nacional.]."
207,Establecimiento educacional,"Conjunto de medios, recursos y personas organizados para proveer enseñanza en sus distintos niveles, regulados y reconocidos conforme a la ley."
211,Estado de emergencia,"Véase “Estados de excepción constitucional” [Regímenes especiales establecidos en la Constitución en los que se habilitan potestades extraordinarias, necesarias y proporcionales para la defensa del orden constitucional, en el evento que se dé alguna de las situaciones de anormalidad institucional tipificadas en el texto y que, no pudiendo ser eliminadas o contrarrestadas por las atribuciones ordinarias previstas en la Constitución, exigen la adopción de medidas excepcionales, con sujeción a lo dispuesto en la Carta Fundamental.]."
214,Estado unitario,"Forma de Estado en virtud de la cual éste no posee más que un solo centro de decisión política y gubernamental y del cual emana un ordenamiento jurídico aplicable a todas las personas. El Estado unitario tiene un alto grado de concentración de la toma de decisión política a nivel central o nacional. Desde dicho centro, un solo aparato gubernamental ejecuta el mando, a través de órganos que ejercen las distintas funciones en relación a todas las materias comprendidas en la competencia estatal y cuyas ordenaciones generales o especiales rigen sobre la integridad de la extensión territorial y a todas las personas y grupos existentes en su seno [Silva Bascuñán, 1997 T: I: 292]."
215,Estados de excepción constitucional,"Regímenes especiales establecidos en la Constitución en los que se habilitan potestades extraordinarias, necesarias y proporcionales para la defensa del orden constitucional, en el evento que se dé alguna de las situaciones de anormalidad institucional tipificadas en el texto y que, no pudiendo ser eliminadas o contrarrestadas por las atribuciones ordinarias previstas en la Constitución, exigen la adopción de medidas excepcionales, con sujeción a lo dispuesto en la Carta Fundamental."
218,Etnias indígenas/pueblos indígenas,"El Estado reconoce a los indígenas y la ley los define como “[d]escendientes de las agrupaciones humanas que existen en el territorio nacional desde tiempos precolombinos, que conservan manifestaciones étnicas y culturales propias siendo para ellos la tierra el fundamento principal de su existencia y cultura” (art. 1, L. 19.253). También se suele emplear la expresión “pueblos originarios” para designar a los mismos colectivos de personas."
221,Exenciones tributarias,"Beneficio fiscal establecido por la ley que favorece a un contribuyente, exonerándolo del pago total o parcial de un tributo determinado. Hay exención tributaria cuando un acto, hecho o situación es gravado legalmente con un tributo, sin embargo, la ley dispensa la obligación tributaria por una razón justificada. Es una regla legal que excepciona el pago del tributo."
222,Expropiación,"Enajenación forzosa por imposición del Estado que extrae de la propiedad privada un determinado bien, en razón de utilidad pública o interés nacional, constituyendo una excepción a la inviolabilidad del derecho de propiedad. El acto administrativo priva del derecho de dominio y del bien en sí, mediante el proceso establecido en la Constitución y la ley. Los límites de la administración, en materia de expropiación, se encuentran establecidos en la regulación del derecho de propiedad (art. 19 No 24, véase “Derecho de propiedad”)."
225,Falta de observancioa en materia sustancial de las leyes que reglan el procedimiento,"Véase “Responsabilidad personal de los jueces” [La Constitución establece una regla especial en virtud de la cual los jueces son responsables personalmente “por los delitos de cohecho, falta de observancia en materia sustancial de las leyes que reglan el procedimiento, denegación y torcida administración de justicia y, en general, de toda prevaricación en que incurran en el desempeño de sus funciones” (art. 79).]."
228,Fiscal judicial,"Los fiscales judiciales son aquellos funcionarios del Poder Judicial pertenecientes a los tribunales superiores de justicia, nombrados por el Presidente de la República de acuerdo al art. 78 y que obran según la naturaleza de los negocios como parte principal, como terceros, o como auxiliares del juez, los cuales además gozarán de la misma inamovilidad que los jueces. Tienen el tratamiento de Señoría y se les aplica todo lo prevenido respecto de los honores y prerrogativas de los jueces de acuerdo a los arts. 308 y 309 del COT."
229,Fiscalización de los actos del gobierno,"Atribución exclusiva de la Cámara de Diputados (véase “Cámara de Diputados”), mediante la cual examina políticamente las acciones del Gobierno en base a orientaciones programáticas, reglas constitucionales y legales y el mérito y conveniencia de dichos actos para el interés general de la República."
236,Fuero parlamentario,"Institución procesal establecida en la Constitución como mecanismo de protección de la función parlamentaria, en virtud de la cual ningún diputado o senador, desde el día de su elección o desde su juramento, según corresponda, puede ser acusado o privado de su libertad."
237,Fuerza aérea,"Véase “Fuerzas Armadas” [Son las instituciones estatales, dependientes del Ministerio de Defensa, encargadas de la preservación de la soberanía, la paz, el mantenimiento de la integridad y continuidad territorial, así como de los demás bienes jurídicos que defina el Estado democrático de Derecho bajo las nociones de defensa de la patria y como garantía de la seguridad nacional. Para la eficacia del cumplimiento de estos objetivos, las instituciones castrenses son esencialmente obedientes, no deliberantes, jerarquizadas, profesionales y disciplinadas. Además, cooperan con fuerzas militares de otros países en iniciativas bilaterales o multilaterales, siempre de acuerdo con el interés nacional (art. 101, inc. 3°; Ministerio de Defensa Nacional, 2010: 242).]."
239,Fuerzas de Orden y Seguridad Pública,"Instituciones policiales del Estado, dependientes del Ministerio encargado de la Seguridad Pública, de carácter eminentemente técnico y profesional cuyas funciones son dar eficacia al derecho, garantizar el orden y la seguridad pública."
240,Función social de la propiedad,"Véase “Derecho de propiedad” [Es la facultad de usar, gozar y disponer de toda clase de bienes corporales e incorporales en el marco de las limitaciones legales derivadas de su función social.]."
245,Gasto público,"Véase “Administración financiera del Estado”. Véase “Sistema presupuestario” [Conjunto de principios y reglas que rigen la preparación, aprobación, ejecución y control del presupuesto de la Nación.]. Véase “Constitución económica” [Es el plexo normativo constitucional que regula los principios orientadores de la economía, los instrumentos de política económica, los derechos constitucionales de la esfera económica y el diseño institucional de la administración financiera del Estado.]."
247,Gestión pendiente,"Requisito procesal para la admisibilidad de una acción o cuestión de inaplicabilidad por inconstitucional que se entiende como cualquier gestión que se siga ante un tribunal ordinario o especial, en la cual pueda ser aplicable un precepto legal que el juez o las partes estiman contrario a la Constitución (véase “Acción de inaplicabilidad por inconstitucionalidad”). La gestión pendiente limita el control que realiza el TC dirigiéndolo al litigio concreto en que tendrá aplicación la norma impugnada, sin controlar directamente la misma. Esta incidentalidad es el primer elemento del control concreto de constitucionalidad, que en el caso chileno es además concentrado [Pica, 2009: 106]."
255,Impedimentos del Presidente de la República,"Véase “Presidente de la República” [Jefe de Estado y de Gobierno, a quien corresponde el gobierno y la administración del Estado. Tal como lo establece la Constitución, “[s]u autoridad se extiende a todo cuanto tiene por objeto la conservación del orden público en el interior y la seguridad externa de la República, de acuerdo con la Constitución y las leyes” (art. 24).]."
256,Impuestos,"Tributo establecido por ley en beneficio fiscal, que no contempla una contraprestación estatal para el contribuyente."
257,Impuestos regionales o locales,"Tributos establecidos por la ley en beneficio de regiones y comunas determinadas por la misma, que gravan actividades de clara identificación regional o local, y que no contemplan una contraprestación estatal para el contribuyente."
259,Inaplicabilidad,"Véase “Acción de inaplicabilidad por inconstitucionalidad” [“acción que el ordenamiento supremo franquea para evitar que la aplicación de uno o más preceptos legales, invocados en una gestión judicial pendiente, produzca efectos, formal o sustantivamente, contrarios al Código Político. Trátase, por ende, de un control concreto de la constitucionalidad de la ley, centrado en el caso sub lite y cuya resolución se limita a qué disposiciones legales determinadas, en sí mismas, resulten, en su sentido y alcance intrínseco, inconciliables con el texto y el espíritu de la Carta Fundamental” (STC R. 1390-09, véase “Control de constitucionalidad”).]. Véase “Control de constitucionalidad” [Es la expresión genérica de un conjunto de procedimientos reglados, constitucional y legalmente, que se suscitan ante el TC por órganos legitimados procesalmente, con el objeto de contrastar contra un parámetro iusfundamental, diversos cuerpos normativos específicos y cuyo resultado es una sentencia estimatoria o desestimatoria de constitucionalidad. Este procedimiento jurisdiccional está integrado por el sujeto o parámetro de control, por las normas objeto de control, por una ritualidad procesal y por determinados efectos específicos relativos a la norma, sea interpretándola de manera conforme con la Constitución, declarándola inaplicable a efectos del caso concreto o expulsándola del ordenamiento jurídico.]."
260,Incapacidad parlamentaria,"Prohibiciones de nombramiento de los parlamentarios en determinadas funciones establecidas en la Constitución. Su duración se extiende a lo largo del desempeño de la función parlamentaria, iniciada desde la proclamación efectuada por el TRICEL y durante los seis meses siguientes al término del mandato electivo."
262,Incompatibilidad parlamentaria,"Prohibición que impide al parlamentario el desempeño conjunto de su mandato con otros cargos públicos señalados por la Constitución o las leyes, salvo su derecho a integrar el Consejo Regional correspondiente a su distrito o circunscripción senatorial."
263,Incomunicación,"La incomunicación es una medida penitenciaria de apremio impuesta por el juez, que aísla al individuo privado de libertad de contacto con terceras personas, cuando se considera indispensable para la averiguación y comprobación del delito."
267,Independencia de la nación,"Véase “Juramento o promesa” [Es el acto solemne mediante el cual el Presidente de la República, bajo la regla que dicte su conciencia, acepta asumir el mando de la Nación, toma posesión del cargo y ejerce de inmediato sus funciones. Con ello se cumple el requisito de investidura regular del cargo de Presidente de la República (arts. 7 y 27; véase “Presidente de la República”).]."
269,Indicación legislativa,"Acto jurídico legislativo en virtud del cual el Presidente de la República, diputados o senadores efectúan “adiciones o correcciones” y, en general, modificaciones a un proyecto de ley durante su tramitación ante el Congreso Nacional, siempre y cuando tengan una relación directa con las ideas matrices o fundamentales del proyecto en cuestión. La indicación se formaliza por medio de un documento presentado ante el secretario de la Corporación respectiva."
272,Inhabilidad parlamentaria,"Prohibición taxativa establecida por la Constitución para ser candidato a Diputado o Senador por encontrarse en una situación determinada o por estar ejerciendo un cargo específico, aun cumpliendo con los requisitos de elegibilidad respectivos."
274,Iniciativa exclusiva del Presidente de la República,"Competencia reservada únicamente al Presidente de la República para someter un proyecto de ley, en aquellas materias que la Constitución establece expresamente, a su discusión y tramitación legislativa."
276,Insistencia del presidente de la república,"Véase “Veto” [Facultad concedida al Presidente de la República, en virtud de su calidad de colegislador, mediante la cual puede solicitar a la Cámara de origen o revisora que considere nuevamente el proyecto rechazado o enmendado en primer o segundo trámite constitucional, según corresponda.]."
279,Interés nacional,"Bien público de rango constitucional, que consiste en aquellas materias de relevancia clave para la comunidad política, definidas por ley, y en virtud del cual se autoriza al legislador a restringir o limitar un derecho fundamental o autorizar la reserva o secreto de información pública."
285,Investidura regular y previa,"Véase “Estado de Derecho” [Es la expresión histórica que identifica los Estados, donde quién gobierna es la ley, siendo una condición resultante de la idea igualitaria de que no hay nadie por debajo ni encima de ésta, imponiendo requisitos formales, tales como el principio de legalidad, la separación de poderes o la independencia judicial, y que adquieren pleno sentido en el cumplimiento de requisitos materiales como la sujeción democrática y el pleno respeto a los derechos fundamentales de todos. También se le conoce como “imperio del Derecho” o “rule of law”. El Estado de Derecho es un principio político en virtud del cual las personas e instituciones del Estado ejercen sus potestades sujetos a reglas jurídicas que se aplican igualitariamente, y su poder tiene como límite el pleno respeto a los derechos fundamentales.]."
286,Investigación penal,"La investigación de los delitos es una facultad privativa del Ministerio Público, el cual dirigirá en forma exclusiva la investigación de los hechos constitutivos de delito, los que determinaren la participación punible y los que acreditaren la inocencia del imputado, en la forma prevista por la Constitución y la ley (art. 83, véase “Ministerio Público”)."
287,Inviolabilidad de las comunicaciones privadas y del domicilio,"Derecho vinculado con la protección de la intimidad, en el ámbito de las comunicaciones y del hogar doméstico, y que configura una esfera de no intervención estatal que prohíbe la interferencia de terceros en el espacio en que las personas ejercen su vida privada."
293,Jefe de la defensa nacional,"Cargo o función delegada por el Presidente de la República que asume la dirección y supervigilancia de su jurisdicción, con las atribuciones y deberes señalados por la ley, a partir de la declaración de los estados de catástrofe y de emergencia (véase “Estados de excepción constitucional”)."
295,Juicio de cuentas,"Procedimiento jurisdiccional, contencioso, administrativo y de doble instancia, cuya competencia exclusiva corresponde a la CGR y que tiene por finalidad concluir y hacer efectiva la responsabilidad civil extracontractual que afecta a todas las cuentas de los funcionarios (cuentadantes) o entidades que custodien, administren, recauden o inviertan rentas, fondos o bienes fiscales, municipales y de la Beneficencia Pública, o de toda persona o entidad que deba rendir sus cuentas a la Contraloría o que esté sometida a su fiscalización; en el caso de formularse reparos a las cuentas examinadas (examen de cuentas fiscales). (Art. 98; véase “Contraloría General de la República”)"
297,Juntas electorales,Véase “Organización electoral” [Conjunto de autoridades electorales y de aquellas reglas que permiten el desarrollo y funcionamiento de elecciones y votaciones populares.].
298,Juramento o promesa,"Es el acto solemne mediante el cual el Presidente de la República, bajo la regla que dicte su conciencia, acepta asumir el mando de la Nación, toma posesión del cargo y ejerce de inmediato sus funciones. Con ello se cumple el requisito de investidura regular del cargo de Presidente de la República (arts. 7 y 27; véase “Presidente de la República”)."
304,Ley,"El CC define ley, en su art. 1, como “una declaración de la voluntad soberana, que manifestada en la forma prescrita por la Constitución, manda, prohíbe o permite”."
307,Libertad,"Véase “Libre desarrollo de la personalidad” [Es el reconocimiento residual de todas las libertades innominadas como norma general de clausura de la libertad en el ordenamiento constitucional, bajo la garantía de que la intromisión sobre ellas debe tener una finalidad constitucional legítima y preservando el contenido esencial de la misma.]."
309,Libertad de adquisición del dominio,"Derecho constitucional que asegura la facultad para adquirir toda clase de bienes, salvo aquellos que la naturaleza ha hecho comunes a todos los hombres o que la ley declare que deban pertenecer a la Nación toda."
316,Libertad profesional,"Facultad individual de escoger una profesión, desarrollarla, ejercerla y abandonarla, cumpliendo con los requisitos establecidos en la ley."
322,Límites al dominio,"Véase “Derecho de propiedad” [Es la facultad de usar, gozar y disponer de toda clase de bienes corporales e incorporales en el marco de las limitaciones legales derivadas de su función social.]."
323,Magistrado,"Véase “Tribunal” [Órgano estatal creado por ley cuya principal potestad es ejercer la función jurisdiccional [Correa, 2005: 88]. Detentor exclusivo de la facultad de conocer, resolver y ejecutar lo juzgado en causas civiles y criminales (art. 76), habiendo sido establecido por ley con anterioridad a la perpetración del hecho (art. 19 n. 3 inc. 5°). Su organización y atribuciones son determinadas a través de ley orgánica constitucional (art. 77; véase “Ley orgánica constitucional”). Constituye el antónimo del concepto constitucional de comisiones especiales (art. 19 n. 3 inc. 5°).]."
332,Ministerio público,"Órgano constitucional autónomo y jerarquizado, el cual dirige en forma exclusiva la investigación de hechos constitutivos de delito, los que determinen la participación punible y los que acrediten la inocencia del imputado; asimismo le corresponde la adopción de medidas para proteger a las víctimas y a los testigos. En caso alguno podrá ejercer funciones jurisdiccionales (art. 83; art. 1 LOC MP). Sus principales objetivos son representar ante los Tribunales de Justicia el interés general de la sociedad, mantener la correcta aplicación de la ley y velar por todo lo que interesa al orden público y al Estado [Casarino, 2002: 125]."
333,Ministerios,"Órganos superiores de la Administración del Estado dirigidos por un Ministro, encargados de colaborar con el Presidente de la República en las funciones de gobierno y administración de sus respectivos sectores, en cuyas áreas específicas ejercen sus funciones (art. 22 LOC BGAE, véase “Ministros de Estado”)."
334,Ministro coordinador,"Designación del Presidente de la República recaída en un Ministro de Estado encargado de coordinar intersectorialmente un conjunto de políticas públicas, Ministerios, servicios públicos o sus relaciones con el Congreso Nacional."
338,Modelos electorales,"Son las alternativas de configuración abstracta de un sistema electoral, que se concretizan para la toma de decisiones de un país, dependiendo del régimen político al que sirvan, las funciones para las cuales se privilegia el sistema electoral y el peso proporcional o mayoritario de la adhesión popular que resulte de esas funciones priorizadas."
340,Monopolio,"En términos genéricos, un monopolio es el “ejercicio exclusivo de una actividad, con el dominio o influencia consiguientes.” (RAE)."
343,Municipalidad,"Corporación autónoma de Derecho Público, que forma parte de la Administración del Estado y cuenta con personalidad jurídica y patrimonio propio, cuya finalidad es satisfacer las necesidades de la comunidad local y asegurar su participación en el progreso económico, social y cultural de la comuna (art. 118 inc. 4°). En ella reside la administración local o comunal, y está constituida por el alcalde y el concejo municipal (véase “Alcalde” y “Concejo Municipal”)."
349,Nulidad de derecho público,"Sanción de ineficacia jurídica que afecta aquellos actos de los órganos del Estado, cuando faltare alguno de los requisitos que el ordenamiento establece para su existencia y validez, conforme a lo dispuesto en los arts. 6 y 7 de la Constitución. Será por lo tanto nulo todo acto que sea dictado por un órgano incompetente, carezca de previa investidura regular o dictado con infracción a lo prescrito por la Constitución o la ley."
353,Operaciones crediticias y financieras del estado,"Son los actos jurídicos económicos, en un sentido amplio, que debe autorizar el legislador previamente a su celebración, porque pueden comprometer en forma directa o indirecta el crédito o la responsabilidad financiera del Estado, sus organismos y las municipalidades."
361,Partidos políticos,"La ley los define como “asociaciones voluntarias, dotadas de personalidad jurídica, formadas por ciudadanos que comparten una misma doctrina política de gobierno, cuya finalidad es contribuir al funcionamiento del régimen democrático constitucional y ejercer una legítima influencia en la conducción del Estado, para alcanzar el bien común y servir al interés nacional” (art. 1 LOC PP)."
362,Patrimonio cultural de la nación,"Es el conjunto de bienes que comprenden diversas manifestaciones humanas –de carácter material o inmaterial– cuyo valor es reconocido por la sociedad dada su importancia histórica, científica, simbólica o estética, entre otras consideraciones."
366,Pensiones,"Cantidad de dinero entregada de forma periódica, temporal o vitalicia, que las instituciones de seguridad social otorgan a los beneficiarios por razón de jubilación, viudez, orfandad o discapacidad."
369,Plan de desarrollo regional,"El Plan de Desarrollo Regional, también conocido como estrategia de desarrollo regional, corresponde al conjunto de políticas aplicables al desarrollo de la región, las cuales buscan definir los objetivos y metas de acción de la región por un período de tiempo determinado. Su gestión se encuentra a cargo del Gobierno Regional respectivo."
371,Pluralismo político,"Es la garantía institucional e ideológica de la difusión y de la competencia electoral de todo el mercado de las ideas y doctrinas políticas, promovidas por los partidos políticos e independientes, que aspiran a gobernar el régimen democrático y republicano chileno, con principios coherentes con aquél."
377,Preservación de la naturaleza,"Es el deber estatal, consecuencial al derecho a vivir en un medio ambiente libre de contaminación, y que consiste en crear las condiciones que hagan posible proteger el patrimonio ambiental del país, permitir el desarrollo de las especies que lo habitan y garantizar una adecuada evolución de los ecosistemas presentes en el territorio nacional."
378,Presidencialismo,"Es un sistema de organización política estructurado bajo la figura y potestades del Presidente de la República, quien es jefe de Estado y de gobierno, y en donde el Ejecutivo no depende de la confianza de un Congreso o Parlamento."
384,Prevaricación,"Véase “Responsabilidad personal de los jueces” [La Constitución establece una regla especial en virtud de la cual los jueces son responsables personalmente “por los delitos de cohecho, falta de observancia en materia sustancial de las leyes que reglan el procedimiento, denegación y torcida administración de justicia y, en general, de toda prevaricación en que incurran en el desempeño de sus funciones” (art. 79).]."
392,Promulgación de ley,"Decreto supremo por medio del cual el Presidente de la República fija el texto definitivo de la ley, su nombre y ordena su publicación en el Diario Oficial."
393,Propiedad,"Véase “Derecho de propiedad” [Es la facultad de usar, gozar y disponer de toda clase de bienes corporales e incorporales en el marco de las limitaciones legales derivadas de su función social.]."
397,Provincia,"Unidad territorial en que se dividen las regiones, considerando factores geográficos, poblacionales y económicos (DL No 1230 de 1979), para efectos de gobierno y administración interior del Estado y fortalecimiento de la regionalización del país y la descentralización administrativa (véase “Región”; “Regionalización”, “Descentralización”)."
407,Región,"Unidad en que se divide el territorio, como espacio geográfico y político esencial para efectos de gobierno y administración interior del Estado y fortalecimiento de la regionalización del país y la descentralización administrativa (véase “Regionalización”, “Descentralización”)."
408,Regionalización,"Es el proceso político continuo que impulsa una modalidad de descentralización al interior del Estado unitario, basada en macro-territorios denominados regiones."
412,Rentas públicas,"Véase “Sistema presupuestario” [Conjunto de principios y reglas que rigen la preparación, aprobación, ejecución y control del presupuesto de la Nación.]."
415,República,"Es una forma de organización del Estado, que se opone a la monarquía, y en virtud de la cual las principales autoridades políticas son representantes populares y que rinden cuenta a sus ciudadanos."
419,Reserva de ley,"Véase “Reservas normativas” [Distribución o reparto de competencias que identifica en la Constitución el tipo de norma que, expresa o deductivamente, debe regular una materia específica.]."
420,Reservas normativas,"Distribución o reparto de competencias que identifica en la Constitución el tipo de norma que, expresa o deductivamente, debe regular una materia específica."
422,Responsabilidad del estado,"Obligación del Estado de reparar patrimonialmente los daños ocasionados por la conducta irregular de los órganos públicos o por el anormal funcionamiento de los servicios públicos, cuando generen lesión en particulares imputable a tales actos."
429,Sanción de ley,"Acción u omisión por medio de la cual el Presidente de la República brinda su conformidad a un proyecto de ley aprobado por el Congreso, sea por su disposición de no vetar o por el mero transcurso del tiempo (art. 32 No 1, art. 72)."
434,Segunda vuelta,Es la elección adicional y eventual que dirime el cargo de Presidente de la República circunscrita entre las dos primeras mayorías relativas que no logran mayoría absoluta de sufragios válidamente emitidos.
442,Servicio de utilidad pública,"Son aquellos servicios, de provisión estatal, privada o mixta, cuya interrupción podría poner en peligro la vida, seguridad o la salud de las personas en toda o parte de la población, tales como el suministro de agua, luz o gas, entre otros. Se ha entendido que dichos servicios pueden ser prestados por entidades públicas tanto como privadas. [Gamonal, 2002: 460]."
444,Servicios públicos,"Actividad prestacional de la Administración, sea ejecutada estatalmente, como por la vía de las concesiones a privados, para dar satisfacción en forma regular y continua a cierta categoría de necesidades de interés general, con sujeción a un régimen de Derecho Público."
445,Sesiones parlamentarias,"Cada una de las reuniones que celebran el Senado, la Cámara de Diputados o el Congreso Pleno (art. 6, inc. final, LOC CN, véase “Cámara de Diputados”, “Senado”, “Congreso Nacional”). El quórum necesario para que sesione cada Cámara es de un tercio de los diputados o senadores en ejercicio (art. 56). La primera sesión de cada período legislativo será la siguiente a la sesión de instalación. (Art. 5 inc. 6°, LOC CN)"
447,Sistema presupuestario,"Conjunto de principios y reglas que rigen la preparación, aprobación, ejecución y control del presupuesto de la Nación."
450,solicitud de informaciones,"Competencia de las Comisiones permanentes, especiales e investigadoras de la Cámara de Diputados para solicitar los informes y antecedentes específicos que estimen pertinentes o que les sean requeridos a los organismos de la Administración del Estado, de acuerdo a lo preceptuado en el art. 9° LOC CN. Se efectúa a través de la Oficina de Informaciones y la Secretaría de la Cámara (véase “Comisión parlamentaria”, “Cámara de Diputados”)."
453,Subsecretarios,"Colaboradores inmediatos de los Ministros y funcionarios de confianza exclusiva del Presidente de la República, quienes, actuando como jefes superiores de la respectiva subsecretaría del Ministerio que corresponda, les coompete “coordinar la acción de los órganos y servicios públicos del sector, actuar como ministros de fe, ejercer la administración interna del Ministerio y cumplir las demás funciones que les señale la ley” (art. 24 LOC BGAE)."
461,Texto refundido sistematizado y coordinado de leyes,"Véase “Decreto con fuerza de ley” [Acto normativo dictado por el Presidente de la República, previa delegación del Congreso Nacional sobre materias expresamente autorizadas en la Constitución, en cuyo texto se contienen normas con fuerza y rango de ley. La autorización debe ser aprobada por la mayoría relativa de ambas Cámaras y su vigencia no puede ser superior a un año.]."
462,Tiempo de guerra,"La ley “entiende que hay estado deguerra, o que es tiempo de guerra, no sólo cuando ha sido declarada oficialmente la guerra o el estado de sitio, en conformidad a la Constitución y a la LOC No 18.415, sino también cuando de hecho existiere la guerra o se hubiere decretado la movilización de tropas para la misma, aunque no se haya hecho su declaración oficial.” (Art. 418 CJM, véase “Guerra”, “Declaración de guerra”)."
463,Titularidad,La titularidad de derechos fundamentales corresponde a la condición jurídica de ser sujeto activo o beneficiario actual de algún derecho o libertad fundamental consagrada en la Constitución y/o en alguno de los tratados internacionales ratificados por Chile y que se encuentren vigentes.
465,Torcida administración de justicia,"Véase “Responsabilidad personal de los jueces” [La Constitución establece una regla especial en virtud de la cual los jueces son responsables personalmente “por los delitos de cohecho, falta de observancia en materia sustancial de las leyes que reglan el procedimiento, denegación y torcida administración de justicia y, en general, de toda prevaricación en que incurran en el desempeño de sus funciones” (art. 79).]."
468,Trabajadores,"La ley los define como “toda persona natural que preste servicios personales, intelectuales o materiales, bajo dependencia o subordinación, y en virtud de un contrato de trabajo. Se entienden como trabajadores independientes aquellos que en el ejercicio de la actividad de que se trate no dependen de empleador alguno ni tiene trabajadores bajo su dependencia” (art. 3 CT). Esta definición legal se aplica a los trabajadores dependientes regidos por el CT."
481,Universidades,"Instituciones autónomas de educación superior que, reconocidas oficialmente por el Estado, otorgan títulos profesionales y grados académicos."
482,Urgencia,"Calificación que efectúa el Presidente de la República sobre un proyecto de ley, que fija un plazo para el cumplimiento íntegro del trámite constitucional de formación de la ley que corresponda. La urgencia constituye una obligación para la Cámara que abarca la discusión y votación del proyecto de ley en conformidad con el plazo establecido en la LOC CN."
484,Vacancia parlamentaria,"La vacancia corresponde a aquella hipótesis en que el cargo de diputado o senador queda libre y, frente a ello, la Constitución establece las reglas que habilitan a proveer un reemplazante (art. 51 inc. 3°, 4° y 5°)."
485,Veto,"Facultad concedida al Presidente de la República, en virtud de su calidad de colegislador, mediante la cual puede solicitar a la Cámara de origen o revisora que considere nuevamente el proyecto rechazado o enmendado en primer o segundo trámite constitucional, según corresponda."
